source_file,query_id,query_title,query_len,sample_name,sci_name,hit_num,accession,title,hit_len,hsp_num,bit_score,evalue,identity,align_len,identity_percent,query_from,query_to,hit_from,hit_to,gaps,qseq,hseq,midline
source_test.fas.txt,Query_1,Sample-1,420,NA,Hypoxylon,1,61032,87760|AY974321|SH0889531.10FU|Hypoxylon,420,1,722.615,0,420,420,100.00,1,420,1,420,0,TAGCTACCCGGTAGTCACCTACCCGGCAGCTACCCGGTAGCGTCTGCGTACAAGCCCGCCGAAGGACCACCAAACTCTGTTTGACAGTGTATTCTGAATGCTTCAACTAAATAGTTAAAACTTTCAACAACGGATCTCTTGGTTCTGGCATCGATGAAGAACGCAGCGAAATGCGATAAGTAATGTGAATTGCAGAATTCAGTGAATCATCGAATCTTTGAACGCACATTGCGCCCATTAGTATTCTAGTGGGCATGCCTATTCGAGCGTCATTTCGACCCTGAAGCCCTAGCTGCTTCGCGTTGGGACTCTACTGGCTACCCTGTAGTTCCCTAATGACAGTGGCGGAGTTCAGGTGTACTCTCAGCGTAGTAATTTCTTCTCGCTTTTGCAGTAGCCTGGTCGCCGGCCGTAAAACCC,TAGCTACCCGGTAGTCACCTACCCGGCAGCTACCCGGTAGCGTCTGCGTACAAGCCCGCCGAAGGACCACCAAACTCTGTTTGACAGTGTATTCTGAATGCTTCAACTAAATAGTTAAAACTTTCAACAACGGATCTCTTGGTTCTGGCATCGATGAAGAACGCAGCGAAATGCGATAAGTAATGTGAATTGCAGAATTCAGTGAATCATCGAATCTTTGAACGCACATTGCGCCCATTAGTATTCTAGTGGGCATGCCTATTCGAGCGTCATTTCGACCCTGAAGCCCTAGCTGCTTCGCGTTGGGACTCTACTGGCTACCCTGTAGTTCCCTAATGACAGTGGCGGAGTTCAGGTGTACTCTCAGCGTAGTAATTTCTTCTCGCTTTTGCAGTAGCCTGGTCGCCGGCCGTAAAACCC,||||||||||||||||||||||||||||||||||||||||||||||||||||||||||||||||||||||||||||||||||||||||||||||||||||||||||||||||||||||||||||||||||||||||||||||||||||||||||||||||||||||||||||||||||||||||||||||||||||||||||||||||||||||||||||||||||||||||||||||||||||||||||||||||||||||||||||||||||||||||||||||||||||||||||||||||||||||||||||||||||||||||||||||||||||||||||||||||||||||||||||||||||||||||||||||||||||||||||||||||||||||||||||||||||||
source_test.fas.txt,Query_1,Sample-1,420,NA,Hypoxylon,2,61023,87769|AY974312|SH0889531.10FU|Hypoxylon,420,1,722.615,0,420,420,100.00,1,420,1,420,0,TAGCTACCCGGTAGTCACCTACCCGGCAGCTACCCGGTAGCGTCTGCGTACAAGCCCGCCGAAGGACCACCAAACTCTGTTTGACAGTGTATTCTGAATGCTTCAACTAAATAGTTAAAACTTTCAACAACGGATCTCTTGGTTCTGGCATCGATGAAGAACGCAGCGAAATGCGATAAGTAATGTGAATTGCAGAATTCAGTGAATCATCGAATCTTTGAACGCACATTGCGCCCATTAGTATTCTAGTGGGCATGCCTATTCGAGCGTCATTTCGACCCTGAAGCCCTAGCTGCTTCGCGTTGGGACTCTACTGGCTACCCTGTAGTTCCCTAATGACAGTGGCGGAGTTCAGGTGTACTCTCAGCGTAGTAATTTCTTCTCGCTTTTGCAGTAGCCTGGTCGCCGGCCGTAAAACCC,TAGCTACCCGGTAGTCACCTACCCGGCAGCTACCCGGTAGCGTCTGCGTACAAGCCCGCCGAAGGACCACCAAACTCTGTTTGACAGTGTATTCTGAATGCTTCAACTAAATAGTTAAAACTTTCAACAACGGATCTCTTGGTTCTGGCATCGATGAAGAACGCAGCGAAATGCGATAAGTAATGTGAATTGCAGAATTCAGTGAATCATCGAATCTTTGAACGCACATTGCGCCCATTAGTATTCTAGTGGGCATGCCTATTCGAGCGTCATTTCGACCCTGAAGCCCTAGCTGCTTCGCGTTGGGACTCTACTGGCTACCCTGTAGTTCCCTAATGACAGTGGCGGAGTTCAGGTGTACTCTCAGCGTAGTAATTTCTTCTCGCTTTTGCAGTAGCCTGGTCGCCGGCCGTAAAACCC,||||||||||||||||||||||||||||||||||||||||||||||||||||||||||||||||||||||||||||||||||||||||||||||||||||||||||||||||||||||||||||||||||||||||||||||||||||||||||||||||||||||||||||||||||||||||||||||||||||||||||||||||||||||||||||||||||||||||||||||||||||||||||||||||||||||||||||||||||||||||||||||||||||||||||||||||||||||||||||||||||||||||||||||||||||||||||||||||||||||||||||||||||||||||||||||||||||||||||||||||||||||||||||||||||||
source_test.fas.txt,Query_1,Sample-1,420,NA,Hypoxylon,3,61026,87766|AY974315|SH0889531.10FU|Hypoxylon,420,1,717.465,0,419,420,99.76,1,420,1,420,0,TAGCTACCCGGTAGTCACCTACCCGGCAGCTACCCGGTAGCGTCTGCGTACAAGCCCGCCGAAGGACCACCAAACTCTGTTTGACAGTGTATTCTGAATGCTTCAACTAAATAGTTAAAACTTTCAACAACGGATCTCTTGGTTCTGGCATCGATGAAGAACGCAGCGAAATGCGATAAGTAATGTGAATTGCAGAATTCAGTGAATCATCGAATCTTTGAACGCACATTGCGCCCATTAGTATTCTAGTGGGCATGCCTATTCGAGCGTCATTTCGACCCTGAAGCCCTAGCTGCTTCGCGTTGGGACTCTACTGGCTACCCTGTAGTTCCCTAATGACAGTGGCGGAGTTCAGGTGTACTCTCAGCGTAGTAATTTCTTCTCGCTTTTGCAGTAGCCTGGTCGCCGGCCGTAAAACCC,TAGCTACCCGGTAGTCACCTACCCGGCAGCTACCCGGTAGCGTCTGCGTACAAGCCCGCCGAAGGACCACCAAACTCTGTTTGACAGTGTATTCTGAATGCTTCAACTAAATAGTTAAAACTTTCAACAACGGATCTCTTGGTTCTGGCATCGATGAAGAACGCAGCGAAATGCGATAAGTAATGTGAATTGCAGAATTCAGTGAATCATCGAATCTTTGAACGCACATTGCGCCCATTAGTATTCTAGTGGGCATGCCTATTCGAGCGTCATTTCGACCCTGAAGCCCTAGCTGCTTCGCGTTGGGACTCTACTGGCTACCCTGTAGTTCCCTAATGACAGTGGCGGAGTCCAGGTGTACTCTCAGCGTAGTAATTTCTTCTCGCTTTTGCAGTAGCCTGGTCGCCGGCCGTAAAACCC,||||||||||||||||||||||||||||||||||||||||||||||||||||||||||||||||||||||||||||||||||||||||||||||||||||||||||||||||||||||||||||||||||||||||||||||||||||||||||||||||||||||||||||||||||||||||||||||||||||||||||||||||||||||||||||||||||||||||||||||||||||||||||||||||||||||||||||||||||||||||||||||||||||||||||||||||||||||||||||||||||||||||||||||||||||||||||||||| ||||||||||||||||||||||||||||||||||||||||||||||||||||||||||||||||||||
source_test.fas.txt,Query_2,Sample-2,539,NA,Neopestalotiopsis iranensis,1,1686768,17760089|PQ800760||Neopestalotiopsis_iranensis,583,1,926.915,0,539,539,100.00,1,539,35,573,0,GATCATTATAGAGTTTTCTAAACTCCCAACCCATGTGAACTTACCTTTTGTTGCCTCGGCAGAAGTTACCCGGTACCTGGAGACAGGTTACCCTGTAGCTGCTGCCGGCGGACCATTAAACTCTTGTTATTTTATAGTAATCTGAGCGTCTTATTTTAATAAGTCAAAACTTTCAACAACGGATCTCTTGGTTCTGGCATCGATGAAGAACGCAGCGAAATGCGATAAGTAATGTGAATTGCAGAATTCAGTGAATCATCGAATCTTTGAACGCACATTGCGCCCATTAGTATTCTAGTGGGCATGCCTGTTCGAGCGTCATTTCAACCCTTAAGCCTAGCTTAGTGTTGGGAATCTACCTCTTTCTTTTAAGTTGTAGTTCCTGAAATACAACGGCGGATTTGTAGTATCCTCTGAGCGTAGTAAATCTTTTCTCGCTTTTGTCAGGTGCTGCGACTCCCAGCCGCTAAACCCCCAATTTTTTGTGGTTGACCTCGGATCAGGTAGGAATACCCGCTGAACTTAAGCATATCAATAAG,GATCATTATAGAGTTTTCTAAACTCCCAACCCATGTGAACTTACCTTTTGTTGCCTCGGCAGAAGTTACCCGGTACCTGGAGACAGGTTACCCTGTAGCTGCTGCCGGCGGACCATTAAACTCTTGTTATTTTATAGTAATCTGAGCGTCTTATTTTAATAAGTCAAAACTTTCAACAACGGATCTCTTGGTTCTGGCATCGATGAAGAACGCAGCGAAATGCGATAAGTAATGTGAATTGCAGAATTCAGTGAATCATCGAATCTTTGAACGCACATTGCGCCCATTAGTATTCTAGTGGGCATGCCTGTTCGAGCGTCATTTCAACCCTTAAGCCTAGCTTAGTGTTGGGAATCTACCTCTTTCTTTTAAGTTGTAGTTCCTGAAATACAACGGCGGATTTGTAGTATCCTCTGAGCGTAGTAAATCTTTTCTCGCTTTTGTCAGGTGCTGCGACTCCCAGCCGCTAAACCCCCAATTTTTTGTGGTTGACCTCGGATCAGGTAGGAATACCCGCTGAACTTAAGCATATCAATAAG,|||||||||||||||||||||||||||||||||||||||||||||||||||||||||||||||||||||||||||||||||||||||||||||||||||||||||||||||||||||||||||||||||||||||||||||||||||||||||||||||||||||||||||||||||||||||||||||||||||||||||||||||||||||||||||||||||||||||||||||||||||||||||||||||||||||||||||||||||||||||||||||||||||||||||||||||||||||||||||||||||||||||||||||||||||||||||||||||||||||||||||||||||||||||||||||||||||||||||||||||||||||||||||||||||||||||||||||||||||||||||||||||||||||||||||||||||||||||||||||||||||||||||||||||||||||||||||||||||||||||||||||||||||||||||||
source_test.fas.txt,Query_2,Sample-2,539,NA,Neopestalotiopsis iranensis,2,1686762,17760095|PQ800754||Neopestalotiopsis_iranensis,584,1,926.915,0,539,539,100.00,1,539,37,575,0,GATCATTATAGAGTTTTCTAAACTCCCAACCCATGTGAACTTACCTTTTGTTGCCTCGGCAGAAGTTACCCGGTACCTGGAGACAGGTTACCCTGTAGCTGCTGCCGGCGGACCATTAAACTCTTGTTATTTTATAGTAATCTGAGCGTCTTATTTTAATAAGTCAAAACTTTCAACAACGGATCTCTTGGTTCTGGCATCGATGAAGAACGCAGCGAAATGCGATAAGTAATGTGAATTGCAGAATTCAGTGAATCATCGAATCTTTGAACGCACATTGCGCCCATTAGTATTCTAGTGGGCATGCCTGTTCGAGCGTCATTTCAACCCTTAAGCCTAGCTTAGTGTTGGGAATCTACCTCTTTCTTTTAAGTTGTAGTTCCTGAAATACAACGGCGGATTTGTAGTATCCTCTGAGCGTAGTAAATCTTTTCTCGCTTTTGTCAGGTGCTGCGACTCCCAGCCGCTAAACCCCCAATTTTTTGTGGTTGACCTCGGATCAGGTAGGAATACCCGCTGAACTTAAGCATATCAATAAG,GATCATTATAGAGTTTTCTAAACTCCCAACCCATGTGAACTTACCTTTTGTTGCCTCGGCAGAAGTTACCCGGTACCTGGAGACAGGTTACCCTGTAGCTGCTGCCGGCGGACCATTAAACTCTTGTTATTTTATAGTAATCTGAGCGTCTTATTTTAATAAGTCAAAACTTTCAACAACGGATCTCTTGGTTCTGGCATCGATGAAGAACGCAGCGAAATGCGATAAGTAATGTGAATTGCAGAATTCAGTGAATCATCGAATCTTTGAACGCACATTGCGCCCATTAGTATTCTAGTGGGCATGCCTGTTCGAGCGTCATTTCAACCCTTAAGCCTAGCTTAGTGTTGGGAATCTACCTCTTTCTTTTAAGTTGTAGTTCCTGAAATACAACGGCGGATTTGTAGTATCCTCTGAGCGTAGTAAATCTTTTCTCGCTTTTGTCAGGTGCTGCGACTCCCAGCCGCTAAACCCCCAATTTTTTGTGGTTGACCTCGGATCAGGTAGGAATACCCGCTGAACTTAAGCATATCAATAAG,|||||||||||||||||||||||||||||||||||||||||||||||||||||||||||||||||||||||||||||||||||||||||||||||||||||||||||||||||||||||||||||||||||||||||||||||||||||||||||||||||||||||||||||||||||||||||||||||||||||||||||||||||||||||||||||||||||||||||||||||||||||||||||||||||||||||||||||||||||||||||||||||||||||||||||||||||||||||||||||||||||||||||||||||||||||||||||||||||||||||||||||||||||||||||||||||||||||||||||||||||||||||||||||||||||||||||||||||||||||||||||||||||||||||||||||||||||||||||||||||||||||||||||||||||||||||||||||||||||||||||||||||||||||||||||
source_test.fas.txt,Query_2,Sample-2,539,NA,Neopestalotiopsis iranensis,3,1686753,17760104|PQ800745||Neopestalotiopsis_iranensis,586,1,926.915,0,539,539,100.00,1,539,41,579,0,GATCATTATAGAGTTTTCTAAACTCCCAACCCATGTGAACTTACCTTTTGTTGCCTCGGCAGAAGTTACCCGGTACCTGGAGACAGGTTACCCTGTAGCTGCTGCCGGCGGACCATTAAACTCTTGTTATTTTATAGTAATCTGAGCGTCTTATTTTAATAAGTCAAAACTTTCAACAACGGATCTCTTGGTTCTGGCATCGATGAAGAACGCAGCGAAATGCGATAAGTAATGTGAATTGCAGAATTCAGTGAATCATCGAATCTTTGAACGCACATTGCGCCCATTAGTATTCTAGTGGGCATGCCTGTTCGAGCGTCATTTCAACCCTTAAGCCTAGCTTAGTGTTGGGAATCTACCTCTTTCTTTTAAGTTGTAGTTCCTGAAATACAACGGCGGATTTGTAGTATCCTCTGAGCGTAGTAAATCTTTTCTCGCTTTTGTCAGGTGCTGCGACTCCCAGCCGCTAAACCCCCAATTTTTTGTGGTTGACCTCGGATCAGGTAGGAATACCCGCTGAACTTAAGCATATCAATAAG,GATCATTATAGAGTTTTCTAAACTCCCAACCCATGTGAACTTACCTTTTGTTGCCTCGGCAGAAGTTACCCGGTACCTGGAGACAGGTTACCCTGTAGCTGCTGCCGGCGGACCATTAAACTCTTGTTATTTTATAGTAATCTGAGCGTCTTATTTTAATAAGTCAAAACTTTCAACAACGGATCTCTTGGTTCTGGCATCGATGAAGAACGCAGCGAAATGCGATAAGTAATGTGAATTGCAGAATTCAGTGAATCATCGAATCTTTGAACGCACATTGCGCCCATTAGTATTCTAGTGGGCATGCCTGTTCGAGCGTCATTTCAACCCTTAAGCCTAGCTTAGTGTTGGGAATCTACCTCTTTCTTTTAAGTTGTAGTTCCTGAAATACAACGGCGGATTTGTAGTATCCTCTGAGCGTAGTAAATCTTTTCTCGCTTTTGTCAGGTGCTGCGACTCCCAGCCGCTAAACCCCCAATTTTTTGTGGTTGACCTCGGATCAGGTAGGAATACCCGCTGAACTTAAGCATATCAATAAG,|||||||||||||||||||||||||||||||||||||||||||||||||||||||||||||||||||||||||||||||||||||||||||||||||||||||||||||||||||||||||||||||||||||||||||||||||||||||||||||||||||||||||||||||||||||||||||||||||||||||||||||||||||||||||||||||||||||||||||||||||||||||||||||||||||||||||||||||||||||||||||||||||||||||||||||||||||||||||||||||||||||||||||||||||||||||||||||||||||||||||||||||||||||||||||||||||||||||||||||||||||||||||||||||||||||||||||||||||||||||||||||||||||||||||||||||||||||||||||||||||||||||||||||||||||||||||||||||||||||||||||||||||||||||||||
source_test.fas.txt,Query_3,Sample-3,571,NA,Alternaria,1,1508575,16602914|OQ975672|SH0856386.10FU|Alternaria,573,1,981.853,0,571,571,100.00,1,571,2,572,0,TCCGTAGGTGAACCTGCGGAGGGATCATTACACAAATATGAAGGCGGGCTGGAACCTCTCGGGGTTACAGCCTTGCTGAATTATTCACCCTTGTCTTTTGCGTACTTCTTGTTTCCTTGGTGGGTTCGCCCACCACTAGGACAAACATAAACCTTTTGTAATTGCAATCAGCGTCAGTAACAAATTAATAATTACAACTTTCAACAACGGATCTCTTGGTTCTGGCATCGATGAAGAACGCAGCGAAATGCGATAAGTAGTGTGAATTGCAGAATTCAGTGAATCATCGAATCTTTGAACGCACATTGCGCCCTTTGGTATTCCAAAGGGCATGCCTGTTCGAGCGTCATTTGTACCCTCAAGCTTTGCTTGGTGTTGGGCGTCTTGTCTCTAGCTTTGCTGGAGACTCGCCTTAAAGTAATTGGCAGCCGGCCTACTGGTTTCGGAGCGCAGCACAAGTCGCACTCTCTATCAGCAAAGGTCTAGCATCCATTAAGCCTTTTTTTTCAACTTTTGACCTCGGATCAGGTAGGGATACCCGCTGAACTTAAGCATATCAATAAGCGGAGGA,TCCGTAGGTGAACCTGCGGAGGGATCATTACACAAATATGAAGGCGGGCTGGAACCTCTCGGGGTTACAGCCTTGCTGAATTATTCACCCTTGTCTTTTGCGTACTTCTTGTTTCCTTGGTGGGTTCGCCCACCACTAGGACAAACATAAACCTTTTGTAATTGCAATCAGCGTCAGTAACAAATTAATAATTACAACTTTCAACAACGGATCTCTTGGTTCTGGCATCGATGAAGAACGCAGCGAAATGCGATAAGTAGTGTGAATTGCAGAATTCAGTGAATCATCGAATCTTTGAACGCACATTGCGCCCTTTGGTATTCCAAAGGGCATGCCTGTTCGAGCGTCATTTGTACCCTCAAGCTTTGCTTGGTGTTGGGCGTCTTGTCTCTAGCTTTGCTGGAGACTCGCCTTAAAGTAATTGGCAGCCGGCCTACTGGTTTCGGAGCGCAGCACAAGTCGCACTCTCTATCAGCAAAGGTCTAGCATCCATTAAGCCTTTTTTTTCAACTTTTGACCTCGGATCAGGTAGGGATACCCGCTGAACTTAAGCATATCAATAAGCGGAGGA,|||||||||||||||||||||||||||||||||||||||||||||||||||||||||||||||||||||||||||||||||||||||||||||||||||||||||||||||||||||||||||||||||||||||||||||||||||||||||||||||||||||||||||||||||||||||||||||||||||||||||||||||||||||||||||||||||||||||||||||||||||||||||||||||||||||||||||||||||||||||||||||||||||||||||||||||||||||||||||||||||||||||||||||||||||||||||||||||||||||||||||||||||||||||||||||||||||||||||||||||||||||||||||||||||||||||||||||||||||||||||||||||||||||||||||||||||||||||||||||||||||||||||||||||||||||||||||||||||||||||||||||||||||||||||||||||||||||||||||||||||||||||||||
source_test.fas.txt,Query_3,Sample-3,571,NA,Alternaria alternata,2,1508569,16602920|OQ975666|SH0856386.10FU|Alternaria_alternata,573,1,981.853,0,571,571,100.00,1,571,2,572,0,TCCGTAGGTGAACCTGCGGAGGGATCATTACACAAATATGAAGGCGGGCTGGAACCTCTCGGGGTTACAGCCTTGCTGAATTATTCACCCTTGTCTTTTGCGTACTTCTTGTTTCCTTGGTGGGTTCGCCCACCACTAGGACAAACATAAACCTTTTGTAATTGCAATCAGCGTCAGTAACAAATTAATAATTACAACTTTCAACAACGGATCTCTTGGTTCTGGCATCGATGAAGAACGCAGCGAAATGCGATAAGTAGTGTGAATTGCAGAATTCAGTGAATCATCGAATCTTTGAACGCACATTGCGCCCTTTGGTATTCCAAAGGGCATGCCTGTTCGAGCGTCATTTGTACCCTCAAGCTTTGCTTGGTGTTGGGCGTCTTGTCTCTAGCTTTGCTGGAGACTCGCCTTAAAGTAATTGGCAGCCGGCCTACTGGTTTCGGAGCGCAGCACAAGTCGCACTCTCTATCAGCAAAGGTCTAGCATCCATTAAGCCTTTTTTTTCAACTTTTGACCTCGGATCAGGTAGGGATACCCGCTGAACTTAAGCATATCAATAAGCGGAGGA,TCCGTAGGTGAACCTGCGGAGGGATCATTACACAAATATGAAGGCGGGCTGGAACCTCTCGGGGTTACAGCCTTGCTGAATTATTCACCCTTGTCTTTTGCGTACTTCTTGTTTCCTTGGTGGGTTCGCCCACCACTAGGACAAACATAAACCTTTTGTAATTGCAATCAGCGTCAGTAACAAATTAATAATTACAACTTTCAACAACGGATCTCTTGGTTCTGGCATCGATGAAGAACGCAGCGAAATGCGATAAGTAGTGTGAATTGCAGAATTCAGTGAATCATCGAATCTTTGAACGCACATTGCGCCCTTTGGTATTCCAAAGGGCATGCCTGTTCGAGCGTCATTTGTACCCTCAAGCTTTGCTTGGTGTTGGGCGTCTTGTCTCTAGCTTTGCTGGAGACTCGCCTTAAAGTAATTGGCAGCCGGCCTACTGGTTTCGGAGCGCAGCACAAGTCGCACTCTCTATCAGCAAAGGTCTAGCATCCATTAAGCCTTTTTTTTCAACTTTTGACCTCGGATCAGGTAGGGATACCCGCTGAACTTAAGCATATCAATAAGCGGAGGA,|||||||||||||||||||||||||||||||||||||||||||||||||||||||||||||||||||||||||||||||||||||||||||||||||||||||||||||||||||||||||||||||||||||||||||||||||||||||||||||||||||||||||||||||||||||||||||||||||||||||||||||||||||||||||||||||||||||||||||||||||||||||||||||||||||||||||||||||||||||||||||||||||||||||||||||||||||||||||||||||||||||||||||||||||||||||||||||||||||||||||||||||||||||||||||||||||||||||||||||||||||||||||||||||||||||||||||||||||||||||||||||||||||||||||||||||||||||||||||||||||||||||||||||||||||||||||||||||||||||||||||||||||||||||||||||||||||||||||||||||||||||||||||
source_test.fas.txt,Query_3,Sample-3,571,NA,Alternaria alternata,3,1471637,16294229|OQ026854|SH0856386.10FU|Alternaria_alternata,571,1,981.853,0,571,571,100.00,1,571,1,571,0,TCCGTAGGTGAACCTGCGGAGGGATCATTACACAAATATGAAGGCGGGCTGGAACCTCTCGGGGTTACAGCCTTGCTGAATTATTCACCCTTGTCTTTTGCGTACTTCTTGTTTCCTTGGTGGGTTCGCCCACCACTAGGACAAACATAAACCTTTTGTAATTGCAATCAGCGTCAGTAACAAATTAATAATTACAACTTTCAACAACGGATCTCTTGGTTCTGGCATCGATGAAGAACGCAGCGAAATGCGATAAGTAGTGTGAATTGCAGAATTCAGTGAATCATCGAATCTTTGAACGCACATTGCGCCCTTTGGTATTCCAAAGGGCATGCCTGTTCGAGCGTCATTTGTACCCTCAAGCTTTGCTTGGTGTTGGGCGTCTTGTCTCTAGCTTTGCTGGAGACTCGCCTTAAAGTAATTGGCAGCCGGCCTACTGGTTTCGGAGCGCAGCACAAGTCGCACTCTCTATCAGCAAAGGTCTAGCATCCATTAAGCCTTTTTTTTCAACTTTTGACCTCGGATCAGGTAGGGATACCCGCTGAACTTAAGCATATCAATAAGCGGAGGA,TCCGTAGGTGAACCTGCGGAGGGATCATTACACAAATATGAAGGCGGGCTGGAACCTCTCGGGGTTACAGCCTTGCTGAATTATTCACCCTTGTCTTTTGCGTACTTCTTGTTTCCTTGGTGGGTTCGCCCACCACTAGGACAAACATAAACCTTTTGTAATTGCAATCAGCGTCAGTAACAAATTAATAATTACAACTTTCAACAACGGATCTCTTGGTTCTGGCATCGATGAAGAACGCAGCGAAATGCGATAAGTAGTGTGAATTGCAGAATTCAGTGAATCATCGAATCTTTGAACGCACATTGCGCCCTTTGGTATTCCAAAGGGCATGCCTGTTCGAGCGTCATTTGTACCCTCAAGCTTTGCTTGGTGTTGGGCGTCTTGTCTCTAGCTTTGCTGGAGACTCGCCTTAAAGTAATTGGCAGCCGGCCTACTGGTTTCGGAGCGCAGCACAAGTCGCACTCTCTATCAGCAAAGGTCTAGCATCCATTAAGCCTTTTTTTTCAACTTTTGACCTCGGATCAGGTAGGGATACCCGCTGAACTTAAGCATATCAATAAGCGGAGGA,|||||||||||||||||||||||||||||||||||||||||||||||||||||||||||||||||||||||||||||||||||||||||||||||||||||||||||||||||||||||||||||||||||||||||||||||||||||||||||||||||||||||||||||||||||||||||||||||||||||||||||||||||||||||||||||||||||||||||||||||||||||||||||||||||||||||||||||||||||||||||||||||||||||||||||||||||||||||||||||||||||||||||||||||||||||||||||||||||||||||||||||||||||||||||||||||||||||||||||||||||||||||||||||||||||||||||||||||||||||||||||||||||||||||||||||||||||||||||||||||||||||||||||||||||||||||||||||||||||||||||||||||||||||||||||||||||||||||||||||||||||||||||||
source_test.fas.txt,Query_4,Sample-4,660,NA,Fusarium langsethiae,1,1708980,1555877|UDB038366|SH0730979.10FU|Fusarium_langsethiae,710,1,829.057,0,501,515,97.28,1,514,1,514,2,CATTACCGAGTTTACAACTCCCAAACCCCTGTGAACATACCTTAATGTTGCCTC-GSGGATCAGCCCGCGCCCCGTAAAACGGGACGGCCCGCCAGAGTACCCAAACTCTAATGTTTCTTATTGTAACTTCTGAGTAAAACAAACAAATAAATCAAAACTTTCAACAACGGATCTCTTGGTTCTGGCATCGATGAAGAACGCAGCAAAATGCGATAAGTAATGTGAATKGCAGAATTCAGTGAATCATCGAATCTTTGAACGCACATTGCGCCCGCKGGTATTCCGGCGGGMWTGCCTGTTCGAGCGTCATTTCAACCCTCAAGCCCCCGGGTTTGGTGTTGGGGATCGGCTCTGCCTTCKGGCGGTGCCGCCCCCCGAAATACATTGGCGGTCTCGCTGCAGCCTCCATTGCGTAGTAGCTAACACCTCGCAACTGGAACGCGGCGNNCCCATGCCGTAAAACCCCAACTTCTGAATGTTGACCTCGGATCAGGTAGGRATACCCTCTGAACTT,CATTACCGAGTTTACAACTCCCAAACCCCTGTGAACATACCTTAATGTTGCCTCGGCGGATCAGCCCGCGCCCCGTAAAACGGGACGGCCCGCCAGAGGACCCAAACTCTAATGTTTCTTATTGTAACTTCTGAGTAAAACAAACAAATAAATCAAAACTTTCAACAACGGATCTCTTGGTTCTGGCATCGATGAAGAACGCAGCAAAATGCGATAAGTAATGTGAATTGCAGAATTCAGTGAATCATCGAATCTTTGAACGCACATTGCGCCCGCTGGTATTCCGGCGGGCATGCCTGTTCGAGCGTCATTTCAACCCTCAAGCCCCCGGGTTTGGTGTTGGGGATCGGCTCTGCCTTCTGGCGGTGCCG-CCCCCGAAATACATTGGCGGTCTCGCTGCAGCCTCCATTGCGTAGTAGCTAACACCTCGCAACTGGAACGCGGCGCGGCCATGCCGTAAAACCCCAACTTCTGAATGTTGACCTCGGATCAGGTAGGAATACCCGCTGAACTT,|||||||||||||||||||||||||||||||||||||||||||||||||||||| | ||||||||||||||||||||||||||||||||||||||||| ||||||||||||||||||||||||||||||||||||||||||||||||||||||||||||||||||||||||||||||||||||||||||||||||||||||||||||||||||||||||||||||||| ||||||||||||||||||||||||||||||||||||||||||||||| ||||||||||||||  ||||||||||||||||||||||||||||||||||||||||||||||||||||||||||||||||||| |||||||||| |||||||||||||||||||||||||||||||||||||||||||||||||||||||||||||||||||||||||||   ||||||||||||||||||||||||||||||||||||||||||||||||| |||||| ||||||||
source_test.fas.txt,Query_4,Sample-4,660,NA,Fusarium tricinctum,2,1706313,961883|UDB035663|SH0730979.10FU|Fusarium_tricinctum,710,1,829.057,0,501,515,97.28,1,514,1,514,2,CATTACCGAGTTTACAACTCCCAAACCCCTGTGAACATACCTTAATGTTGCCTC-GSGGATCAGCCCGCGCCCCGTAAAACGGGACGGCCCGCCAGAGTACCCAAACTCTAATGTTTCTTATTGTAACTTCTGAGTAAAACAAACAAATAAATCAAAACTTTCAACAACGGATCTCTTGGTTCTGGCATCGATGAAGAACGCAGCAAAATGCGATAAGTAATGTGAATKGCAGAATTCAGTGAATCATCGAATCTTTGAACGCACATTGCGCCCGCKGGTATTCCGGCGGGMWTGCCTGTTCGAGCGTCATTTCAACCCTCAAGCCCCCGGGTTTGGTGTTGGGGATCGGCTCTGCCTTCKGGCGGTGCCGCCCCCCGAAATACATTGGCGGTCTCGCTGCAGCCTCCATTGCGTAGTAGCTAACACCTCGCAACTGGAACGCGGCGNNCCCATGCCGTAAAACCCCAACTTCTGAATGTTGACCTCGGATCAGGTAGGRATACCCTCTGAACTT,CATTACCGAGTTTACAACTCCCAAACCCCTGTGAACATACCTTAATGTTGCCTCGGCGGATCAGCCCGCGCCCCGTAAAACGGGACGGCCCGCCAGAGGACCCAAACTCTAATGTTTCTTATTGTAACTTCTGAGTAAAACAAACAAATAAATCAAAACTTTCAACAACGGATCTCTTGGTTCTGGCATCGATGAAGAACGCAGCAAAATGCGATAAGTAATGTGAATTGCAGAATTCAGTGAATCATCGAATCTTTGAACGCACATTGCGCCCGCTGGTATTCCGGCGGGCATGCCTGTTCGAGCGTCATTTCAACCCTCAAGCCCCCGGGTTTGGTGTTGGGGATCGGCTCTGCCTTCTGGCGGTGCCG-CCCCCGAAATACATTGGCGGTCTCGCTGCAGCCTCCATTGCGTAGTAGCTAACACCTCGCAACTGGAACGCGGCGCGGCCATGCCGTAAAACCCCAACTTCTGAATGTTGACCTCGGATCAGGTAGGAATACCCGCTGAACTT,|||||||||||||||||||||||||||||||||||||||||||||||||||||| | ||||||||||||||||||||||||||||||||||||||||| ||||||||||||||||||||||||||||||||||||||||||||||||||||||||||||||||||||||||||||||||||||||||||||||||||||||||||||||||||||||||||||||||| ||||||||||||||||||||||||||||||||||||||||||||||| ||||||||||||||  ||||||||||||||||||||||||||||||||||||||||||||||||||||||||||||||||||| |||||||||| |||||||||||||||||||||||||||||||||||||||||||||||||||||||||||||||||||||||||||   ||||||||||||||||||||||||||||||||||||||||||||||||| |||||| ||||||||
source_test.fas.txt,Query_4,Sample-4,660,NA,Fusarium tricinctum,3,1706022,853573|UDB035253|SH0730979.10FU|Fusarium_tricinctum,557,1,829.057,0,501,515,97.28,1,514,30,543,2,CATTACCGAGTTTACAACTCCCAAACCCCTGTGAACATACCTTAATGTTGCCTC-GSGGATCAGCCCGCGCCCCGTAAAACGGGACGGCCCGCCAGAGTACCCAAACTCTAATGTTTCTTATTGTAACTTCTGAGTAAAACAAACAAATAAATCAAAACTTTCAACAACGGATCTCTTGGTTCTGGCATCGATGAAGAACGCAGCAAAATGCGATAAGTAATGTGAATKGCAGAATTCAGTGAATCATCGAATCTTTGAACGCACATTGCGCCCGCKGGTATTCCGGCGGGMWTGCCTGTTCGAGCGTCATTTCAACCCTCAAGCCCCCGGGTTTGGTGTTGGGGATCGGCTCTGCCTTCKGGCGGTGCCGCCCCCCGAAATACATTGGCGGTCTCGCTGCAGCCTCCATTGCGTAGTAGCTAACACCTCGCAACTGGAACGCGGCGNNCCCATGCCGTAAAACCCCAACTTCTGAATGTTGACCTCGGATCAGGTAGGRATACCCTCTGAACTT,CATTACCGAGTTTACAACTCCCAAACCCCTGTGAACATACCTTAATGTTGCCTCGGCGGATCAGCCCGCGCCCCGTAAAACGGGACGGCCCGCCAGAGGACCCAAACTCTAATGTTTCTTATTGTAACTTCTGAGTAAAACAAACAAATAAATCAAAACTTTCAACAACGGATCTCTTGGTTCTGGCATCGATGAAGAACGCAGCAAAATGCGATAAGTAATGTGAATTGCAGAATTCAGTGAATCATCGAATCTTTGAACGCACATTGCGCCCGCTGGTATTCCGGCGGGCATGCCTGTTCGAGCGTCATTTCAACCCTCAAGCCCCCGGGTTTGGTGTTGGGGATCGGCTCTGCCTTCTGGCGGTGCCG-CCCCCGAAATACATTGGCGGTCTCGCTGCAGCCTCCATTGCGTAGTAGCTAACACCTCGCAACTGGAACGCGGCGCGGCCATGCCGTAAAACCCCAACTTCTGAATGTTGACCTCGGATCAGGTAGGAATACCCGCTGAACTT,|||||||||||||||||||||||||||||||||||||||||||||||||||||| | ||||||||||||||||||||||||||||||||||||||||| ||||||||||||||||||||||||||||||||||||||||||||||||||||||||||||||||||||||||||||||||||||||||||||||||||||||||||||||||||||||||||||||||| ||||||||||||||||||||||||||||||||||||||||||||||| ||||||||||||||  ||||||||||||||||||||||||||||||||||||||||||||||||||||||||||||||||||| |||||||||| |||||||||||||||||||||||||||||||||||||||||||||||||||||||||||||||||||||||||||   ||||||||||||||||||||||||||||||||||||||||||||||||| |||||| ||||||||
